City_ID,City,Lat,Lng,Max Temp,Humidity,Cloudiness,Wind Speed,Country,Date
0,laguna,38.421,-121.4238,35.35,31.0,0.0,2.57,US,1719005991.0
1,novovyazniki,56.1975,42.1711,10.6,91.0,0.0,2.88,RU,1719005992.0
2,tiksi,71.6872,128.8694,12.12,63.0,100.0,3.5,RU,1719005994.0
3,nizhneudinsk,54.9076,99.0276,8.84,74.0,9.0,2.3,RU,1719005995.0
4,beruniy,41.6911,60.7525,26.98,50.0,0.0,3.09,UZ,1719005996.0
5,bredasdorp,-34.5322,20.0403,13.2,84.0,35.0,4.79,ZA,1719005997.0
6,la ronge,55.1001,-105.2842,25.12,20.0,20.0,3.6,CA,1719005998.0
7,huocheng,,,,,,,,
8,northam,51.0333,-4.2167,14.58,95.0,91.0,6.67,GB,1719006000.0
9,jamestown,42.097,-79.2353,29.77,65.0,40.0,3.09,US,1719005857.0
10,kayenta,36.7278,-110.2546,24.47,45.0,63.0,3.2,US,1719006003.0
11,ust-nera,64.5667,143.2,18.31,65.0,39.0,2.51,RU,1719006004.0
12,nemuro,43.3236,145.575,10.25,98.0,99.0,3.2,JP,1719006005.0
13,brigantine,39.4101,-74.3646,32.89,74.0,0.0,6.69,US,1719005825.0
14,koh kong,11.6175,102.9806,26.66,87.0,100.0,6.13,KH,1719006007.0
15,mata-utu,-13.2816,-176.1745,27.82,78.0,59.0,9.86,WF,1719006008.0
16,billings,45.7833,-108.5007,23.87,56.0,75.0,5.66,US,1719006000.0
17,port-aux-francais,-49.35,70.2167,1.99,93.0,73.0,6.32,TF,1719006011.0
18,dunedin,-45.8742,170.5036,7.67,74.0,100.0,2.24,NZ,1719006012.0
19,kulhudhuffushi,6.6221,73.07,28.36,79.0,100.0,7.76,MV,1719006013.0
20,tulun,54.5611,100.5792,7.16,71.0,37.0,2.37,RU,1719006014.0
21,uturoa,-16.7333,-151.4333,26.96,64.0,95.0,5.92,PF,1719006015.0
22,hawaiian paradise park,19.5933,-154.9731,28.18,74.0,100.0,2.57,US,1719006016.0
23,baker city,44.7749,-117.8344,28.11,27.0,92.0,3.76,US,1719006018.0
24,ghat,24.9647,10.1728,34.05,14.0,0.0,3.19,LY,1719006019.0
25,chubbuck,42.9208,-112.4661,31.19,19.0,20.0,4.12,US,1719006020.0
26,naze,28.3667,129.4833,25.51,90.0,100.0,4.5,JP,1719006021.0
27,longyearbyen,78.2186,15.6401,6.91,70.0,0.0,5.66,SJ,1719006022.0
28,andergrove,-21.0833,149.1833,18.69,82.0,100.0,1.28,AU,1719006023.0
29,kodiak,57.79,-152.4072,10.73,87.0,100.0,3.6,US,1719006025.0
30,lorengau,-2.0226,147.2712,27.55,81.0,95.0,2.68,PG,1719006026.0
31,papatowai,-46.5619,169.4708,8.06,74.0,93.0,1.36,NZ,1719006027.0
32,waitangi,-43.9535,-176.5597,9.9,90.0,48.0,7.78,NZ,1719006028.0
33,grytviken,-54.2811,-36.5092,-8.28,83.0,22.0,5.05,GS,1719006029.0
34,ugoofaaru,5.6667,73.0,28.33,82.0,100.0,9.03,MV,1719006030.0
35,banff,51.1762,-115.5698,21.57,18.0,67.0,2.57,CA,1719006031.0
36,bethel,41.3712,-73.414,30.57,85.0,100.0,5.66,US,1719005896.0
37,mar del plata,-38.0023,-57.5575,13.94,98.0,100.0,4.47,AR,1719005723.0
38,adamstown,-25.066,-130.1015,20.39,74.0,83.0,1.85,PN,1719006035.0
39,nagqu,31.5,92.0,5.53,86.0,65.0,0.75,CN,1719006036.0
40,agat village,13.3886,144.6585,28.53,83.0,20.0,4.12,GU,1719006037.0
41,khvansar,33.2205,50.315,19.76,30.0,70.0,2.87,IR,1719006038.0
42,ringas,27.35,75.5667,31.36,45.0,93.0,3.32,IN,1719006040.0
43,paita,-5.0892,-81.1144,18.64,81.0,100.0,6.45,PE,1719006041.0
44,aasiaat,68.7098,-52.8699,3.82,81.0,100.0,2.35,GL,1719006042.0
45,alotau,,,,,,,,
46,broome,42.2506,-75.833,30.81,72.0,0.0,2.57,US,1719006044.0
47,eregli,37.5133,34.0467,22.56,47.0,6.0,1.97,TR,1719006045.0
48,punta arenas,-53.15,-70.9167,-5.99,93.0,20.0,2.57,CL,1719006028.0
49,yellowknife,62.456,-114.3525,21.34,47.0,75.0,2.24,CA,1719006048.0
50,santa cruz,-17.8,-63.1667,29.7,65.0,40.0,10.29,BO,1719006049.0
51,stanley,54.868,-1.6985,14.29,74.0,0.0,2.06,GB,1719006040.0
52,badger,64.8,-147.5333,22.95,42.0,75.0,7.72,US,1719006051.0
53,titao,13.7667,-2.0667,31.49,40.0,92.0,11.41,BF,1719006052.0
54,remire-montjoly,4.9167,-52.2667,26.02,89.0,0.0,0.51,GF,1719006053.0
55,whakatane,-37.9585,176.9854,10.99,91.0,32.0,1.34,NZ,1719006055.0
56,tinajo,29.0788,-13.7081,20.49,64.0,20.0,9.77,ES,1719006056.0
57,awash,8.9833,40.1667,27.32,47.0,98.0,6.42,ET,1719006057.0
58,ust'-charyshskaya pristan',52.3934,83.6635,16.75,87.0,34.0,1.87,RU,1719006058.0
59,tazovsky,67.4667,78.7,2.19,74.0,2.0,1.93,RU,1719006059.0
60,katsuura,35.1333,140.3,20.76,78.0,94.0,1.54,JP,1719006060.0
61,hadibu,12.65,54.0333,28.09,78.0,99.0,9.8,YE,1719006061.0
62,iqaluit,63.7506,-68.5145,5.85,75.0,75.0,6.17,CA,1719006063.0
63,kupang,-10.1667,123.5833,28.32,78.0,20.0,7.2,ID,1719006064.0
64,parnu,58.3859,24.4971,11.05,76.0,3.0,1.03,EE,1719006065.0
65,albany,42.6001,-73.9662,27.83,76.0,51.0,2.47,US,1719006045.0
66,lebu,-37.6167,-73.65,10.15,84.0,57.0,6.02,CL,1719006068.0
67,kyzyl-mazhalyk,51.1333,90.6,12.82,58.0,29.0,0.39,RU,1719006069.0
68,port alfred,-33.5906,26.891,18.09,64.0,100.0,2.87,ZA,1719006070.0
69,hamilton,39.1834,-84.5333,34.97,46.0,0.0,3.09,US,1719005583.0
70,cobija,-11.0267,-68.7692,31.1,66.0,40.0,2.57,BO,1719006072.0
71,mao,39.8885,4.2658,21.31,88.0,20.0,1.54,ES,1719006073.0
72,beyneu,45.3167,55.2,26.5,60.0,33.0,7.51,KZ,1719006074.0
73,udachny,66.4167,112.4,11.35,74.0,98.0,3.22,RU,1719005982.0
74,ribeira grande,38.5167,-28.7,22.1,87.0,13.0,3.58,PT,1719006077.0
75,karatas,36.582,35.3701,27.08,75.0,0.0,4.34,TR,1719006078.0
76,carhuamayo,-10.9167,-76.0333,6.63,78.0,100.0,0.63,PE,1719006079.0
77,arno,60.1167,18.6333,13.77,72.0,2.0,3.61,SE,1719006080.0
78,new norfolk,-42.7826,147.0587,5.95,95.0,20.0,1.28,AU,1719006081.0
79,bilibino,68.0546,166.4372,14.43,36.0,7.0,0.89,RU,1719006083.0
80,seryshevo,51.0933,128.3786,15.51,69.0,61.0,2.02,RU,1719006084.0
81,mishan,45.55,131.8833,12.91,99.0,100.0,3.27,CN,1719006085.0
82,san antonio de pale,-1.4014,5.6325,23.44,91.0,53.0,4.59,GQ,1719006086.0
83,sitka,57.0531,-135.33,17.94,48.0,75.0,6.17,US,1719006087.0
84,akobo,7.4344,3.9497,20.64,96.0,87.0,1.14,NG,1719006088.0
85,ushuaia,-54.8,-68.3,-2.19,80.0,20.0,2.06,AR,1719005892.0
86,pitea,65.3172,21.4794,14.05,86.0,31.0,1.38,SE,1719006091.0
87,garoowe,8.4054,48.4845,26.04,60.0,7.0,13.0,SO,1719006092.0
88,wailua homesteads,22.0669,-159.378,28.24,92.0,100.0,6.69,US,1719006093.0
89,korsakov,46.6328,142.7813,7.91,84.0,100.0,4.68,RU,1719006094.0
90,campoverde,-8.4753,-74.8058,29.83,99.0,100.0,0.48,PE,1719006095.0
91,nikel,69.4128,30.222,5.1,85.0,26.0,2.68,RU,1719006097.0
92,margaret river,-33.95,115.0667,13.76,59.0,99.0,9.31,AU,1719006098.0
93,afaahiti,-17.75,-149.2833,27.93,74.0,10.0,7.31,PF,1719006099.0
94,sanya,18.2431,109.505,28.09,94.0,75.0,3.0,CN,1719006100.0
95,antalaha,-14.9003,50.2788,21.16,84.0,74.0,3.32,MG,1719006101.0
96,saipan,15.1355,145.701,29.39,74.0,75.0,4.63,MP,1719006102.0
97,carutapera,-1.195,-46.02,24.38,94.0,33.0,2.82,BR,1719006104.0
98,tilcara,-23.5776,-65.3509,9.5,10.0,0.0,7.13,AR,1719006105.0
99,prince rupert,54.3161,-130.3201,15.05,78.0,100.0,2.57,CA,1719006106.0
100,tateyama,34.9833,139.8667,20.05,83.0,100.0,2.89,JP,1719006107.0
101,vilyuysk,63.7553,121.6247,18.88,73.0,11.0,1.28,RU,1719006108.0
102,puerto aysen,-45.4,-72.7,3.47,99.0,100.0,1.31,CL,1719006110.0
103,bulata,9.8599,122.4016,27.11,80.0,100.0,1.18,PH,1719006111.0
104,tarime,-1.35,34.3667,15.61,77.0,14.0,2.06,TZ,1719006112.0
105,coracora,-15.0333,-73.7833,13.95,42.0,79.0,3.98,PE,1719006113.0
106,colonia aurora,-27.4743,-54.525,19.03,85.0,39.0,1.94,AR,1719006114.0
107,north bay,46.3168,-79.4663,22.01,64.0,75.0,4.12,CA,1719005957.0
108,broken hill,-31.95,141.4333,4.77,76.0,2.0,3.8,AU,1719006116.0
109,codrington,-38.2667,141.9667,10.58,60.0,94.0,2.91,AU,1719006118.0
110,cabedelo,-6.9811,-34.8339,24.37,84.0,11.0,4.97,BR,1719006012.0
111,erenhot,43.6475,111.9767,9.37,70.0,100.0,12.93,CN,1719006120.0
112,griffith,41.5284,-87.4237,34.1,44.0,40.0,5.14,US,1719006121.0
113,nueva villa de padilla,24.0167,-98.7833,29.03,67.0,44.0,3.85,MX,1719006122.0
114,mount gambier,-37.8333,140.7667,7.21,76.0,100.0,0.82,AU,1719006123.0
115,araci,-11.3333,-38.9667,23.13,66.0,84.0,4.5,BR,1719006125.0
116,puerto natales,-51.7236,-72.4875,0.25,74.0,75.0,1.54,CL,1719006126.0
117,hermanus,-34.4187,19.2345,14.89,82.0,33.0,5.71,ZA,1719006127.0
118,quellon,-43.1167,-73.6167,7.91,90.0,78.0,3.12,CL,1719006064.0
119,cargados carajos,,,,,,,,
120,carnarvon,-24.8667,113.6333,20.59,63.0,60.0,2.07,AU,1719006131.0
121,olonkinbyen,70.9221,-8.7187,1.39,83.0,84.0,3.78,SJ,1719006132.0
122,khorixas,-20.3667,14.9667,19.06,24.0,0.0,3.35,NA,1719006133.0
123,paragominas,-2.9667,-47.4833,25.31,75.0,50.0,1.98,BR,1719005992.0
124,anadyr,64.75,177.4833,5.28,100.0,100.0,2.0,RU,1719006135.0
125,humaita,-7.5061,-63.0208,28.93,44.0,4.0,0.48,BR,1719006136.0
126,kalagarh project colony,29.5,78.75,28.41,53.0,3.0,1.38,IN,1719006138.0
127,west end,26.6833,-78.9667,30.99,76.0,2.0,5.82,BS,1719006139.0
128,sao gabriel da cachoeira,-0.1303,-67.0892,31.89,62.0,40.0,1.03,BR,1719006140.0
129,turbat,26.0023,63.044,32.44,47.0,0.0,2.81,PK,1719006141.0
130,anzio,41.4853,12.6179,27.07,86.0,1.0,5.27,IT,1719006142.0
131,zhalantun,48.0,122.7167,14.93,85.0,100.0,5.39,CN,1719006143.0
132,queenstown,-31.8976,26.8753,13.75,46.0,44.0,3.94,ZA,1719006145.0
133,sao vicente,-23.9631,-46.3919,26.26,59.0,40.0,1.54,BR,1719005889.0
134,chonchi,-42.6128,-73.8092,9.56,97.0,93.0,0.89,CL,1719006147.0
135,yeniseysk,58.4497,92.1703,10.77,99.0,100.0,3.19,RU,1719006148.0
136,morrinhos,-17.7311,-49.0994,20.86,44.0,12.0,1.62,BR,1719006067.0
137,vadso,70.0744,29.7487,5.49,75.0,75.0,5.14,NO,1719006150.0
138,sumenep,-7.0167,113.8667,24.67,79.0,74.0,3.97,ID,1719006151.0
139,edinburgh of the seven seas,-37.0676,-12.3116,13.05,78.0,63.0,15.23,SH,1719006153.0
140,el bauga,18.262,33.9081,36.67,13.0,13.0,7.12,SD,1719006154.0
141,petropavlovsk-kamchatsky,53.0452,158.6483,7.33,100.0,100.0,2.0,RU,1719006155.0
142,kol'tsovo,54.9376,83.1825,19.66,90.0,99.0,3.59,RU,1719006156.0
143,skelleftea,64.7507,20.9528,13.2,67.0,83.0,3.6,SE,1719006157.0
144,al kharijah,25.4514,30.5464,30.74,18.0,0.0,1.81,EG,1719006158.0
145,rongelap,11.1635,166.8941,28.3,81.0,100.0,8.42,MH,1719006160.0
146,valle vista,33.7478,-116.8934,40.93,23.0,0.0,1.79,US,1719006161.0
147,hithadhoo,-0.6,73.0833,28.63,73.0,96.0,5.02,MV,1719006162.0
148,sinabang,2.4803,96.3801,24.27,85.0,100.0,2.58,ID,1719006163.0
149,blackmans bay,-43.0167,147.3167,5.29,90.0,18.0,0.89,AU,1719006164.0
150,ketchikan,55.3422,-131.6461,17.26,59.0,100.0,5.14,US,1719006165.0
151,isafjordur,66.0755,-23.124,3.7,78.0,80.0,4.04,IS,1719006167.0
152,nuuk,64.1835,-51.7216,4.34,87.0,75.0,2.57,GL,1719006168.0
153,georgetown,5.4112,100.3354,24.96,88.0,40.0,2.06,MY,1719006159.0
154,mount pearl,47.5166,-52.7813,16.19,80.0,75.0,2.06,CA,1719005893.0
155,haiku-pauwela,20.9219,-156.3051,29.57,64.0,20.0,12.35,US,1719006171.0
156,whitehorse,60.7161,-135.0538,19.5,39.0,75.0,4.12,CA,1719006172.0
157,hasaki,35.7333,140.8333,20.22,76.0,96.0,1.87,JP,1719006174.0
158,west island,-12.1568,96.8225,27.99,78.0,20.0,5.14,CC,1719006175.0
159,cidreira,-30.1811,-50.2056,18.4,96.0,92.0,7.45,BR,1719006176.0
160,inhambane,-23.865,35.3833,20.74,82.0,2.0,2.84,MZ,1719006177.0
161,happy valley-goose bay,53.3168,-60.3315,16.17,41.0,75.0,5.66,CA,1719006178.0
162,keflavik,64.0049,-22.5624,12.95,87.0,100.0,3.09,IS,1719006179.0
163,lompoc,34.6391,-120.4579,27.05,72.0,0.0,5.66,US,1719006181.0
164,port moresby,-9.4431,147.1797,23.88,83.0,100.0,2.51,PG,1719006144.0
165,ijuw,,,,,,,,
166,puerto ayora,-0.7393,-90.3518,24.98,92.0,78.0,3.58,EC,1719006184.0
167,st. john's,47.5649,-52.7093,16.66,81.0,75.0,2.06,CA,1719005898.0
168,san andres,12.5847,-81.7006,30.01,79.0,20.0,3.6,CO,1719006186.0
169,dedougou,12.4667,-3.4667,32.41,45.0,95.0,3.46,BF,1719006188.0
170,college,64.8569,-147.8028,22.18,49.0,75.0,6.17,US,1719006189.0
171,martapura,-3.4167,114.85,24.05,94.0,95.0,1.03,ID,1719006190.0
172,okhotsk,59.3833,143.3,9.5,87.0,100.0,1.72,RU,1719006191.0
173,atafu village,-8.5421,-172.5159,28.87,76.0,100.0,4.97,TK,1719006192.0
174,weno,7.4515,151.8468,27.97,78.0,40.0,3.09,FM,1719006193.0
175,invercargill,-46.4,168.35,5.01,91.0,52.0,0.45,NZ,1719006194.0
176,vila franca do campo,37.7167,-25.4333,20.23,99.0,47.0,1.61,PT,1719006196.0
177,roswell,34.0232,-84.3616,34.12,46.0,0.0,3.09,US,1719006197.0
178,tymovskoye,50.8456,142.655,10.43,78.0,77.0,1.16,RU,1719006198.0
179,minas de marcona,-15.2119,-75.1103,14.45,77.0,11.0,6.44,PE,1719006199.0
180,madras,13.0878,80.2785,28.36,82.0,40.0,2.57,IN,1719006200.0
181,virginia,37.5481,-77.4467,36.4,44.0,20.0,4.12,US,1719006201.0
182,quelimane,-17.8786,36.8883,18.27,95.0,42.0,1.22,MZ,1719006203.0
183,harstad,68.799,16.5293,9.66,94.0,100.0,4.02,NO,1719006204.0
184,alice springs,-23.7,133.8833,5.75,93.0,0.0,2.06,AU,1719006056.0
185,anan,33.9167,134.65,20.88,88.0,59.0,3.6,JP,1719006206.0
186,nova prata,-28.7839,-51.61,17.93,94.0,95.0,1.75,BR,1719006207.0
187,saratamata,,,,,,,,
188,kansanshi,-12.0951,26.4273,13.57,63.0,0.0,2.19,ZM,1719006210.0
189,george town,5.4112,100.3354,24.96,88.0,40.0,2.06,MY,1719006159.0
190,vorgashor,67.5833,63.95,6.7,96.0,100.0,3.72,RU,1719006212.0
191,barah,13.7,30.3667,31.23,43.0,100.0,7.31,SD,1719006213.0
192,kataragama,,,,,,,,
193,kijang,35.2442,129.2139,21.85,93.0,100.0,2.16,KR,1719005953.0
194,kununurra,-15.7667,128.7333,17.99,63.0,52.0,3.09,AU,1719006166.0
195,port douglas,-16.4833,145.4667,21.89,80.0,94.0,2.96,AU,1719006218.0
196,bocaiuva,-17.1078,-43.815,23.84,60.0,92.0,3.47,BR,1719006075.0
197,taiohae,,,,,,,,
198,changji,44.0167,87.3167,23.44,27.0,0.0,1.0,CN,1719006221.0
199,rudsar,37.1376,50.288,25.99,72.0,69.0,1.04,IR,1719006222.0
200,lionel town,17.8101,-77.2406,31.94,76.0,62.0,4.98,JM,1719006224.0
201,lahaina,20.8783,-156.6825,30.56,74.0,1.0,4.99,US,1719006225.0
202,ta`u,-14.2336,-169.5144,27.21,75.0,28.0,3.37,AS,1719006227.0
203,vingt cinq,,,,,,,,
204,mesquite,32.7668,-96.5992,35.29,49.0,91.0,1.34,US,1719006229.0
205,emerald,-23.5333,148.1667,13.52,55.0,100.0,7.87,AU,1719006230.0
206,manakara,-22.1333,48.0167,18.77,87.0,19.0,0.92,MG,1719006232.0
207,goure,13.9835,10.2704,32.75,31.0,98.0,3.26,NE,1719006233.0
208,saint-philippe,-21.3585,55.7679,20.77,84.0,46.0,5.75,RE,1719006234.0
209,susuman,62.7833,148.1667,15.51,69.0,100.0,2.68,RU,1719006235.0
210,navolato,24.7672,-107.6944,33.1,47.0,100.0,6.4,MX,1719006236.0
211,yeppoon,-23.1333,150.7333,17.92,86.0,100.0,2.3,AU,1719006237.0
212,thompson,55.7435,-97.8558,26.09,25.0,75.0,4.12,CA,1719006155.0
213,turpan,42.9333,89.1667,30.69,12.0,2.0,0.15,CN,1719006240.0
214,yigo village,13.5361,144.8886,28.19,82.0,75.0,4.63,GU,1719006241.0
215,pijijiapan,15.7011,-93.23,26.08,92.0,98.0,3.1,MX,1719006242.0
216,zapala,-38.8992,-70.0544,4.55,70.0,51.0,6.19,AR,1719006148.0
217,cooma,-36.2333,149.1333,2.69,95.0,4.0,1.72,AU,1719006245.0
218,cestos city,5.46,-9.5828,25.27,89.0,100.0,3.72,LR,1719006246.0
219,tehachapi,35.1322,-118.449,34.63,29.0,0.0,4.92,US,1719006050.0
220,cukai,4.25,103.4167,23.97,92.0,100.0,3.0,MY,1719006248.0
221,kristinestad,62.2743,21.376,8.39,84.0,19.0,3.77,FI,1719006249.0
222,fortuna,40.5982,-124.1573,16.66,90.0,75.0,5.66,US,1719006011.0
223,isieke,6.3783,8.0352,24.47,88.0,41.0,2.42,NG,1719006252.0
224,luderitz,-26.6481,15.1594,14.53,62.0,0.0,4.07,NA,1719006253.0
225,lipno,52.8444,19.1785,20.99,69.0,86.0,3.83,PL,1719006254.0
226,inongo,-1.95,18.2667,24.01,53.0,58.0,2.17,CD,1719006255.0
227,myrina,39.8797,25.0742,26.58,50.0,0.0,5.14,GR,1719006256.0
228,burlingame,37.5841,-122.3661,32.6,68.0,20.0,8.75,US,1719006257.0
229,itaituba,-4.2761,-55.9836,32.09,55.0,20.0,2.06,BR,1719006259.0
230,dryden,49.7833,-92.7503,24.16,41.0,40.0,2.06,CA,1719006260.0
231,chibougamau,49.9168,-74.3659,24.79,31.0,40.0,4.63,CA,1719006261.0
232,ilulissat,69.2167,-51.1,8.01,66.0,40.0,2.57,GL,1719006262.0
233,aljezur,37.3191,-8.8033,16.58,78.0,1.0,5.54,PT,1719006263.0
234,kerikeri,-35.2268,173.9474,13.86,90.0,97.0,3.25,NZ,1719006264.0
235,arraial do cabo,-22.9661,-42.0278,23.92,83.0,0.0,6.17,BR,1719006108.0
236,kruisfontein,-34.0033,24.7314,12.16,67.0,76.0,4.19,ZA,1719006267.0
237,callao,-12.0667,-77.15,22.46,82.0,100.0,4.63,PE,1719005673.0
238,tsiombe,-25.3,45.4833,20.14,82.0,5.0,5.21,MG,1719006269.0
239,nova vicosa,-17.8919,-39.3719,23.06,75.0,0.0,2.94,BR,1719006270.0
240,neiafu,-18.65,-173.9833,24.38,78.0,75.0,2.57,TO,1719006271.0
241,city of balikpapan,-1.242,116.8942,25.97,94.0,20.0,3.09,ID,1719006273.0
242,kismayo,-0.3582,42.5454,25.31,82.0,71.0,7.7,SO,1719006274.0
243,greymouth,-42.4667,171.2,7.34,90.0,100.0,3.0,NZ,1719006275.0
244,ulaangom,49.9811,92.0667,13.22,52.0,35.0,1.0,MN,1719006276.0
245,wuchang,44.9143,127.15,14.81,98.0,100.0,6.15,CN,1719006277.0
246,amungan,15.3652,119.9582,27.0,82.0,100.0,4.11,PH,1719006278.0
247,lihue,21.9789,-159.3672,28.58,90.0,100.0,6.69,US,1719006280.0
248,geraldton,-28.7667,114.6,14.23,88.0,23.0,5.14,AU,1719006281.0
249,abraham's bay,,,,,,,,
250,revda,56.801,59.9303,15.5,97.0,0.0,1.6,RU,1719006283.0
251,kapa'a,22.0752,-159.319,28.99,92.0,100.0,6.69,US,1719006284.0
252,gurghiu,46.7667,24.85,19.14,71.0,0.0,2.28,RO,1719006286.0
253,qamdo,31.1667,97.2333,7.78,85.0,57.0,1.64,CN,1719006287.0
254,geneina,13.45,22.45,29.38,46.0,100.0,0.3,SD,1719006288.0
255,rakops,-21.0167,24.3333,15.05,54.0,0.0,4.89,BW,1719006289.0
256,dudinka,69.4058,86.1778,3.99,82.0,100.0,2.95,RU,1719006290.0
257,touros,-5.1989,-35.4608,24.68,89.0,12.0,4.43,BR,1719006291.0
258,east london,-33.0153,27.9116,20.32,67.0,81.0,4.29,ZA,1719006292.0
259,kapuskasing,49.4169,-82.4331,26.05,44.0,75.0,6.69,CA,1719006068.0
260,ar rass,25.8694,43.4973,32.41,11.0,32.0,2.2,SA,1719006295.0
261,tolanaro,-25.0319,46.9987,20.04,94.0,75.0,6.17,MG,1719006296.0
262,buka,40.8108,69.1986,25.22,35.0,76.0,1.68,UZ,1719006297.0
263,illizi,26.4833,8.4667,35.89,12.0,0.0,5.62,DZ,1719006298.0
264,plastun,44.7561,136.2939,9.01,99.0,100.0,1.4,RU,1719006299.0
265,ivdel',60.6911,60.4206,15.08,98.0,85.0,1.6,RU,1719006301.0
266,el porvenir,13.7617,-87.3458,26.63,95.0,100.0,0.6,HN,1719006302.0
267,kingston,17.997,-76.7936,31.53,62.0,60.0,8.75,JM,1719006038.0
268,alaghsas,17.0187,8.0168,34.01,19.0,77.0,4.84,NE,1719006304.0
269,selfoss,63.9331,-20.9971,12.25,77.0,100.0,5.97,IS,1719006305.0
270,la passe,45.5549,-0.8967,17.13,75.0,100.0,6.04,FR,1719006306.0
271,shenandoah,30.4013,-91.0009,33.3,65.0,86.0,1.79,US,1719006308.0
272,alesund,62.4723,6.1549,14.86,88.0,100.0,0.0,NO,1719006220.0
273,colonia,50.9333,6.95,15.32,87.0,75.0,4.12,DE,1719006310.0
274,kotlas,61.2611,46.6556,10.01,92.0,10.0,3.02,RU,1719006311.0
275,isla aguada,18.7833,-91.4667,28.02,80.0,100.0,0.67,MX,1719006312.0
276,san vicente,-26.6167,-54.1333,17.02,68.0,43.0,1.62,AR,1719006313.0
277,malabar,-33.9667,151.25,10.07,92.0,75.0,5.66,AU,1719006314.0
278,kone,-21.0595,164.8658,22.55,60.0,100.0,2.29,NC,1719006316.0
279,utrik,11.2278,169.8474,28.46,76.0,100.0,7.47,MH,1719006317.0
280,benjamin constant,-4.3831,-70.0311,30.07,74.0,20.0,2.06,BR,1719006318.0
281,loncoche,-39.3667,-72.6333,6.17,98.0,99.0,1.65,CL,1719006319.0
282,port mathurin,-19.6833,63.4167,23.0,63.0,99.0,9.66,MU,1719006320.0
283,ondjiva,-17.0667,15.7333,15.02,25.0,0.0,1.54,AO,1719006321.0
284,escarcega,18.6089,-90.7454,25.54,95.0,100.0,0.97,MX,1719006323.0
285,port elizabeth,-33.918,25.5701,16.29,73.0,0.0,2.06,ZA,1719006324.0
286,fedorovka,53.6314,62.7078,19.76,63.0,87.0,2.02,KZ,1719006325.0
287,pisco,-13.7,-76.2167,20.03,73.0,0.0,2.06,PE,1719006326.0
288,avarua,-21.2078,-159.775,25.03,78.0,100.0,5.66,CK,1719006327.0
289,simanggang,1.2472,111.4528,23.99,100.0,100.0,0.0,MY,1719006328.0
290,madang,-5.2246,145.7966,26.06,84.0,100.0,1.87,PG,1719006330.0
291,isle of lewis,,,,,,,,
292,zeerust,-25.5369,26.0751,10.56,60.0,0.0,0.24,ZA,1719006332.0
293,brisas de zicatela,15.8369,-97.0419,28.29,83.0,100.0,6.17,MX,1719006333.0
294,crane,31.3974,-102.3501,32.03,38.0,30.0,9.56,US,1719006334.0
295,bhimunipatnam,17.8833,83.4333,27.73,83.0,93.0,1.74,IN,1719006335.0
296,vacha,55.8008,42.7706,10.47,88.0,18.0,2.77,RU,1719006337.0
297,bardai,11.65,7.2333,26.0,66.0,77.0,4.11,NG,1719006338.0
298,ritchie,-29.038,24.6028,13.56,43.0,0.0,4.92,ZA,1719006339.0
299,boundiali,9.5217,-6.4869,25.07,80.0,100.0,1.6,CI,1719006340.0
300,sisimiut,66.9395,-53.6735,4.01,88.0,95.0,3.22,GL,1719006341.0
301,zhumysker,49.3333,49.4,16.54,74.0,49.0,6.02,KZ,1719006342.0
302,camana,-16.6228,-72.7111,17.3,90.0,40.0,3.91,PE,1719006344.0
303,maun,-19.9833,23.4167,17.98,45.0,0.0,3.6,BW,1719006345.0
304,avsallar,36.616,31.7806,25.88,64.0,0.0,1.35,TR,1719006346.0
305,yakeshi,49.2833,120.7333,14.85,62.0,100.0,7.0,CN,1719006347.0
306,sao miguel do araguaia,-13.275,-50.1628,26.18,37.0,36.0,2.17,BR,1719006348.0
307,hachinohe,40.5,141.5,17.1,100.0,75.0,0.0,JP,1719006349.0
308,marsh harbour,26.5412,-77.0636,28.19,79.0,6.0,6.2,BS,1719006351.0
309,klyuchi,52.2667,79.1667,20.79,69.0,50.0,1.45,RU,1719006352.0
310,gokceada,40.2011,25.909,23.6,84.0,1.0,9.62,TR,1719006353.0
311,regina,50.4501,-104.6178,22.99,48.0,75.0,4.63,CA,1719006330.0
312,yanbu,24.0891,38.0637,39.02,12.0,0.0,8.23,SA,1719006355.0
313,nova sintra,14.8667,-24.7167,24.73,78.0,47.0,8.45,CV,1719006356.0
314,box elder,41.5005,-112.8764,29.03,39.0,87.0,1.53,US,1719006358.0
315,sur,22.5667,59.5289,33.83,52.0,33.0,5.04,OM,1719006359.0
316,victoria de durango,24.0333,-104.6667,26.79,50.0,75.0,11.32,MX,1719006360.0
317,mongo,12.1844,18.693,32.91,41.0,96.0,0.92,TD,1719006361.0
318,kosiv,48.3107,25.0958,17.51,86.0,1.0,1.82,UA,1719006362.0
319,mokhsogollokh,61.4681,128.9203,18.89,65.0,98.0,0.6,RU,1719006363.0
320,qaqortoq,60.7167,-46.0333,2.37,97.0,100.0,2.48,GL,1719006365.0
321,biasca,46.3597,8.9697,18.94,89.0,100.0,3.3,CH,1719006366.0
322,constantia,44.1833,28.65,17.61,70.0,38.0,3.23,RO,1719006245.0
323,talnakh,69.4865,88.3972,3.55,98.0,100.0,3.99,RU,1719006368.0
324,berbera,10.4396,45.0143,33.66,40.0,100.0,9.47,SO,1719006369.0
325,awjilah,29.1081,21.2869,27.71,40.0,0.0,6.19,LY,1719006370.0
326,borogontsy,62.6683,131.1683,20.97,59.0,100.0,1.49,RU,1719006372.0
327,alvaraes,-3.2208,-64.8042,31.93,64.0,81.0,0.77,BR,1719006373.0
328,estacion coahuila,32.1939,-115.0017,42.92,8.0,0.0,4.11,MX,1719006374.0
329,boguchany,58.3814,97.4531,11.1,58.0,100.0,2.34,RU,1719006375.0
330,kirensk,57.7853,108.1119,10.37,94.0,100.0,0.59,RU,1719006376.0
331,yurga,55.7231,84.8861,14.45,95.0,99.0,3.24,RU,1719006206.0
332,preobrazheniye,42.9019,133.9064,11.64,89.0,100.0,4.73,RU,1719006379.0
333,tromso,69.6496,18.957,10.01,81.0,75.0,5.14,NO,1719006380.0
334,polyarnyy,69.1989,33.4478,4.89,85.0,100.0,10.09,RU,1719006381.0
335,saynshand,44.8824,110.1163,8.5,74.0,99.0,11.58,MN,1719006382.0
336,holualoa,19.6228,-155.9522,26.91,82.0,40.0,5.66,US,1719006383.0
337,windsor,42.3001,-83.0165,32.07,67.0,0.0,3.09,CA,1719006384.0
338,saldanha,-33.0117,17.9442,14.03,91.0,54.0,1.69,ZA,1719006386.0
339,ocean shores,46.9737,-124.1563,21.36,88.0,20.0,8.23,US,1719006387.0
340,dwarka,22.2394,68.9678,29.88,78.0,100.0,6.4,IN,1719006388.0
341,tofol,5.3248,163.0078,28.07,75.0,84.0,3.79,FM,1719006389.0
342,san luis de la loma,17.2706,-100.8939,25.7,91.0,100.0,3.99,MX,1719006390.0
343,alofi,-19.0595,-169.9187,25.94,53.0,9.0,4.63,NU,1719006391.0
344,puerto san carlos,,,,,,,,
345,kristiansund,63.1115,7.732,14.03,81.0,100.0,2.57,NO,1719006394.0
346,kosong,38.3788,128.4676,22.27,89.0,100.0,1.36,KR,1719006395.0
347,westport,41.1415,-73.3579,30.09,70.0,0.0,2.57,US,1719006242.0
348,tarnogskiy gorodok,60.4997,43.5761,10.14,83.0,10.0,3.54,RU,1719006397.0
349,xai-xai,-25.0519,33.6442,18.76,83.0,5.0,1.72,MZ,1719006398.0
350,katsuren-haebaru,26.3369,127.8719,29.21,87.0,20.0,5.14,JP,1719006399.0
351,merizo village,13.2658,144.6691,28.88,91.0,100.0,6.31,GU,1719006401.0
352,diyarbakir,37.9158,40.2189,23.99,33.0,0.0,3.09,TR,1719006402.0
353,prince george,53.9166,-122.753,27.57,27.0,0.0,3.6,CA,1719006379.0
354,kez,57.8979,53.7152,11.77,95.0,25.0,1.44,RU,1719006404.0
355,suntar,62.1444,117.6319,13.55,85.0,82.0,2.89,RU,1719006405.0
356,tranovaho,,,,,,,,
357,inarajan village,13.2736,144.7484,29.11,91.0,92.0,6.35,GU,1719006408.0
358,caxito,-8.5785,13.6643,19.51,97.0,58.0,0.69,AO,1719006409.0
359,port lincoln,-34.7333,135.8667,12.85,70.0,90.0,4.05,AU,1719006410.0
360,shubarkuduk,49.1447,56.4872,22.06,62.0,15.0,3.8,KZ,1719006411.0
361,karratha,-20.7377,116.8463,18.95,45.0,3.0,5.67,AU,1719006412.0
362,princeville,45.7668,-61.2985,21.48,55.0,100.0,4.63,CA,1719006413.0
363,kittila,67.6647,24.8936,11.08,82.0,75.0,4.63,FI,1719006415.0
364,bikenibeu village,1.3673,173.1241,28.41,69.0,46.0,3.66,KI,1719006416.0
365,tirebolu,41.0069,38.8139,21.84,79.0,96.0,2.82,TR,1719006417.0
366,tashla,51.7716,52.7427,17.92,87.0,97.0,2.38,RU,1719006418.0
367,igarka,67.4667,86.5833,4.9,82.0,44.0,2.14,RU,1719006419.0
368,island harbour,50.724,-1.2758,15.68,82.0,99.0,2.24,GB,1719006420.0
369,pijino del carmen,9.3291,-74.453,31.16,71.0,83.0,1.22,CO,1719006421.0
370,ola,59.5833,151.2833,8.48,94.0,100.0,1.36,RU,1719006423.0
371,'ohonua,,,,,,,,
372,jamaame,0.0697,42.745,24.58,83.0,59.0,5.17,SO,1719006425.0
373,parauapebas,-6.0675,-49.9022,26.99,69.0,20.0,0.0,BR,1719006426.0
374,puerto baquerizo moreno,-0.9,-89.6,25.55,69.0,40.0,5.5,EC,1719006427.0
375,ambalangoda,6.2355,80.0538,26.74,84.0,91.0,6.02,LK,1719006429.0
376,north platte,41.1239,-100.7654,21.94,88.0,100.0,5.36,US,1719006408.0
377,ahrensbok,54.0086,10.5743,19.35,99.0,91.0,3.33,DE,1719006431.0
378,terrace,54.5163,-128.6035,24.95,35.0,100.0,5.14,CA,1719006395.0
379,san julian,21.0167,-102.1667,23.44,43.0,59.0,8.32,MX,1719006433.0
380,yuzhno-kurilsk,44.0306,145.8556,10.85,98.0,100.0,2.26,RU,1719006434.0
381,porto novo,6.4965,2.6036,26.9,92.0,100.0,1.91,BJ,1719006234.0
382,masterton,-40.9597,175.6575,8.27,80.0,66.0,1.86,NZ,1719006437.0
383,buala,-8.145,159.5921,28.2,80.0,51.0,3.65,SB,1719006438.0
384,san jose del guaviare,2.5729,-72.6459,23.25,98.0,100.0,0.65,CO,1719006439.0
385,ponteareas,42.1833,-8.5,16.56,82.0,0.0,2.57,ES,1719006440.0
386,balcarce,-37.8462,-58.2552,12.68,99.0,100.0,1.78,AR,1719006265.0
387,san patricio,28.017,-97.5169,33.4,65.0,22.0,7.18,US,1719006442.0
388,acarau,-2.8856,-40.12,25.79,82.0,16.0,6.08,BR,1719006444.0
389,myitkyina,25.3833,97.4,24.13,99.0,69.0,0.52,MM,1719006445.0
390,bargara,,,,,,,,
391,coahuayana de hidalgo,18.7,-103.6583,28.13,76.0,99.0,3.03,MX,1719006447.0
392,galle,6.0367,80.217,26.56,85.0,80.0,6.83,LK,1719006448.0
393,songyuan,45.1171,124.8568,19.22,96.0,100.0,3.56,CN,1719006449.0
394,smithers,54.7804,-127.1743,27.18,18.0,40.0,7.2,CA,1719006451.0
395,tralee,52.2704,-9.7026,10.19,94.0,10.0,2.56,IE,1719006452.0
396,tual,-5.6667,132.75,26.16,86.0,69.0,11.09,ID,1719006453.0
397,cole harbour,44.6724,-63.4751,26.66,39.0,40.0,5.66,CA,1719006454.0
398,flying fish cove,-10.4217,105.6791,25.82,78.0,75.0,5.14,CX,1719006455.0
399,ijero-ekiti,7.8139,5.0742,20.88,94.0,83.0,1.47,NG,1719006456.0
400,ouellah,,,,,,,,
401,camacupa,-12.0167,17.4833,13.87,36.0,4.0,1.93,AO,1719006459.0
402,newman,37.3138,-121.0208,34.57,12.0,0.0,0.91,US,1719006460.0
403,wattegama,6.7989,81.4808,25.88,68.0,100.0,2.98,LK,1719006461.0
404,mstsislaw,54.0192,31.7257,13.0,92.0,16.0,2.9,BY,1719006462.0
405,nar'yan-mar,67.6713,53.087,10.44,95.0,98.0,5.27,RU,1719006464.0
406,rio grande,-32.035,-52.0986,19.06,96.0,100.0,8.32,BR,1719006251.0
407,santa elena de uairen,4.6167,-61.1333,21.73,91.0,60.0,1.41,VE,1719006466.0
408,anloga,5.7947,0.8973,25.43,87.0,100.0,5.65,GH,1719006467.0
409,aransas pass,27.9095,-97.15,33.05,76.0,40.0,7.72,US,1719006468.0
410,lishui,28.4604,119.9103,25.15,96.0,96.0,1.07,CN,1719006469.0
411,oranjemund,-28.55,16.4333,13.7,81.0,0.0,2.44,NA,1719006471.0
412,labytnangi,66.6572,66.4183,5.54,96.0,100.0,5.93,RU,1719006472.0
413,mossel bay,-34.1831,22.146,15.96,85.0,73.0,7.56,ZA,1719006473.0
414,haapavesi,64.1333,25.3667,10.85,78.0,16.0,1.79,FI,1719006474.0
415,cruzeiro do sul,-29.5128,-51.9853,18.93,95.0,40.0,1.02,BR,1719006475.0
416,portland,45.5234,-122.6762,33.62,35.0,20.0,5.14,US,1719006422.0
417,enoch,37.7733,-113.0244,32.49,19.0,20.0,5.14,US,1719006477.0
418,le port,-20.9373,55.2919,21.0,74.0,28.0,1.9,RE,1719006479.0
419,quzhou,28.9594,118.8686,25.63,91.0,100.0,1.85,CN,1719006480.0
420,sonsorol village,,,,,,,,
421,conception bay south,47.4999,-52.9981,16.53,74.0,90.0,1.49,CA,1719006305.0
422,mandimba,,,,,,,,
423,ancud,-41.8697,-73.8203,8.36,86.0,100.0,2.48,CL,1719006484.0
424,mukalla,14.5425,49.1242,29.99,75.0,95.0,2.06,YE,1719006486.0
425,khadan khak,30.7477,67.7085,18.79,60.0,56.0,0.23,PK,1719006487.0
426,bodo,67.28,14.405,10.43,93.0,75.0,2.06,NO,1719006488.0
427,gribanovskiy,51.4579,41.9764,14.17,78.0,49.0,6.68,RU,1719006489.0
428,changqing,36.5575,116.7272,22.72,86.0,41.0,1.51,CN,1719006490.0
429,cabo san lucas,22.8909,-109.9124,27.56,74.0,40.0,4.63,MX,1719006328.0
430,peniche,39.3558,-9.3811,16.27,86.0,8.0,9.4,PT,1719006493.0
431,fisterra,42.9049,-9.2629,15.97,87.0,53.0,1.3,ES,1719006494.0
432,darwin,-12.4611,130.8418,20.03,69.0,0.0,4.63,AU,1719006422.0
433,apatzingan,19.0833,-102.35,32.3,54.0,94.0,1.09,MX,1719006496.0
434,turuncova,,,,,,,,
435,petukhovo,55.0692,67.9019,15.26,98.0,47.0,2.61,RU,1719006498.0
436,san rafael,-34.6177,-68.3301,13.18,42.0,97.0,7.04,AR,1719006452.0
437,salalah,17.0151,54.0924,29.05,94.0,75.0,4.12,OM,1719006501.0
438,bengbu,32.9408,117.3608,25.35,93.0,97.0,3.35,CN,1719006502.0
439,lyozna,55.0249,30.7956,12.05,92.0,0.0,2.86,BY,1719006503.0
440,errachidia,31.9275,-4.4285,32.03,10.0,0.0,5.14,MA,1719006504.0
441,huilong,31.8111,121.655,25.11,97.0,100.0,3.05,CN,1719006505.0
442,hailey,43.5196,-114.3153,27.92,18.0,40.0,4.63,US,1719006357.0
443,tura,25.5198,90.2201,24.43,96.0,32.0,1.47,IN,1719006508.0
444,berezovyy,51.6667,135.7,11.56,75.0,99.0,1.14,RU,1719006509.0
445,eureka,40.8021,-124.1637,34.3,73.0,60.0,2.24,US,1719006252.0
446,gorontalo,0.5412,123.0595,22.86,97.0,34.0,0.81,ID,1719006511.0
447,ridder,50.355,83.5133,15.66,70.0,25.0,2.76,KZ,1719006512.0
448,esmeralda,21.8525,-78.1169,30.65,65.0,84.0,6.29,CU,1719006513.0
449,cuatro cienegas de carranza,26.9833,-102.0833,28.49,52.0,70.0,4.98,MX,1719006515.0
450,maba,24.6841,113.5984,27.77,20.0,82.0,1.64,CN,1719006516.0
451,raja,8.4596,25.678,24.63,68.0,63.0,1.73,SS,1719006517.0
452,coquimbo,-29.9533,-71.3436,15.85,64.0,75.0,2.57,CL,1719005943.0
453,sooke,48.3746,-123.7276,26.99,72.0,98.0,10.8,CA,1719006519.0
454,namanga,-2.5433,36.7905,15.46,86.0,53.0,2.76,KE,1719006520.0
455,magadan,59.5667,150.8,8.45,96.0,100.0,3.76,RU,1719006522.0
456,soto la marina,23.7667,-98.2167,28.73,78.0,49.0,4.59,MX,1719006523.0
457,bouarfa,32.53,-1.95,24.51,19.0,0.0,5.3,MA,1719006524.0
458,enewetak,11.3474,162.3373,28.42,80.0,100.0,5.65,MH,1719006525.0
459,filadelfia,39.9523,-75.1638,35.79,43.0,20.0,5.66,US,1719006487.0
460,severo-yeniseyskiy,60.3725,93.0408,8.25,89.0,100.0,1.65,RU,1719006527.0
461,olyokminsk,60.3736,120.4264,18.49,82.0,18.0,3.11,RU,1719006528.0
462,yaren,-0.5472,166.916,28.73,75.0,82.0,3.63,NR,1719006530.0
463,usinsk,65.9939,57.5281,11.29,96.0,35.0,5.09,RU,1719006531.0
464,beneditinos,-5.45,-42.3667,31.25,35.0,90.0,1.83,BR,1719006532.0
465,lavaur,43.6985,1.8186,18.49,95.0,18.0,3.28,FR,1719006533.0
466,rikaze,29.25,88.8833,13.63,49.0,2.0,1.79,CN,1719006534.0
467,salahonda,2.1019,-78.7217,26.21,83.0,88.0,2.93,CO,1719006535.0
468,praya,14.9215,-23.5087,24.3,73.0,40.0,7.72,CV,1719006537.0
469,klaksvik,62.2266,-6.589,10.51,93.0,100.0,9.53,FO,1719006538.0
470,watseka,40.7762,-87.7364,33.31,48.0,0.0,4.17,US,1719006539.0
471,fukuecho,32.6881,128.8419,23.35,98.0,100.0,4.76,JP,1719006540.0
472,sarandi,-23.4436,-51.8739,24.75,44.0,0.0,4.63,BR,1719006541.0
473,pizarro,4.9533,-77.366,26.7,84.0,90.0,3.06,CO,1719006542.0
474,millington,35.3415,-89.8973,35.62,46.0,0.0,2.06,US,1719006544.0
475,khanty-mansiysk,61.0042,69.0019,16.06,77.0,0.0,2.0,RU,1719006545.0
476,suva,-18.1416,178.4415,23.71,69.0,75.0,3.6,FJ,1719006546.0
477,ain sefra,32.75,-0.5833,25.05,21.0,0.0,4.79,DZ,1719006547.0
478,vilyuchinsk,52.9306,158.4028,9.15,87.0,97.0,1.68,RU,1719006548.0
479,fomboni,-12.28,43.7425,25.81,72.0,5.0,4.23,KM,1719006549.0
480,santa ponsa,39.5087,2.4766,23.34,76.0,0.0,3.72,ES,1719006551.0
481,yeed,4.55,43.0333,25.66,60.0,68.0,10.02,SO,1719006552.0
482,ahau,,,,,,,,
483,chicxulub puerto,,,,,,,,
484,miquelon,47.0975,-56.3814,17.0,76.0,100.0,8.09,PM,1719006515.0
485,sumbawa besar,-8.5,117.4333,20.53,95.0,42.0,1.95,ID,1719006361.0
486,rexburg,43.826,-111.7897,31.67,14.0,0.0,4.12,US,1719006554.0
487,medicine hat,50.0501,-110.6683,26.84,29.0,75.0,1.34,CA,1719006121.0
488,bamboo flat,11.7,92.7167,26.11,89.0,100.0,7.25,IN,1719006560.0
489,horta,38.5333,-28.6333,21.68,86.0,29.0,4.02,PT,1719006561.0
490,chegdomyn,51.1167,133.0167,12.76,60.0,10.0,0.76,RU,1719006562.0
491,pickering,43.9001,-79.1329,24.73,83.0,100.0,1.54,CA,1719006564.0
492,olinda,-8.0089,-34.8553,26.85,78.0,75.0,4.12,BR,1719006565.0
493,tulagi,-9.0996,160.1476,28.41,79.0,90.0,9.03,SB,1719006566.0
494,ad dilam,23.9915,47.1627,34.23,9.0,0.0,3.17,SA,1719006567.0
495,howrah,22.5892,88.3103,29.0,89.0,75.0,2.06,IN,1719006568.0
496,galliano,29.4422,-90.2992,32.78,58.0,40.0,4.63,US,1719006569.0
497,khor,47.8861,134.9464,10.88,89.0,100.0,3.91,RU,1719006571.0
498,asau,46.4333,26.4,18.94,84.0,0.0,1.61,RO,1719006572.0
499,east honolulu,,,,,,,,
500,iskateley,67.6803,53.1512,10.44,95.0,96.0,5.23,RU,1719006574.0
501,beacon square,28.2086,-82.7554,33.41,74.0,16.0,1.79,US,1719006575.0
502,el nido,11.1858,119.3956,26.67,87.0,100.0,4.01,PH,1719006577.0
503,kiunga,-6.1219,141.2906,23.26,98.0,100.0,0.58,PG,1719006578.0
504,ad dawadimi,24.5077,44.3924,32.64,11.0,0.0,3.07,SA,1719006579.0
505,namibe,-15.1961,12.1522,19.63,67.0,0.0,1.71,AO,1719006580.0
506,cartagena,10.3997,-75.5144,30.79,74.0,40.0,3.6,CO,1719006301.0
507,kasongo-lunda,-6.4667,16.8167,23.9,39.0,73.0,0.59,CD,1719006583.0
508,tarawa,1.419,172.984,28.49,69.0,52.0,3.65,KI,1719006584.0
509,beyla,8.6833,-8.6333,21.12,96.0,23.0,1.22,GN,1719006585.0
510,tanumah,27.1,44.1333,33.73,11.0,0.0,3.21,SA,1719006586.0
511,ad dabbah,18.05,30.95,33.48,29.0,78.0,6.35,SD,1719006587.0
512,manokwari,-0.8667,134.0833,26.52,75.0,67.0,2.19,ID,1719006588.0
513,ad darb,17.7229,42.2526,31.36,62.0,100.0,3.41,SA,1719006590.0
514,lajinha,-20.1514,-41.6228,17.79,82.0,58.0,1.33,BR,1719006591.0
515,bakhchysarai,44.75,33.8667,18.91,62.0,0.0,1.71,UA,1719006592.0
516,sao jose da coroa grande,-8.8978,-35.1478,25.09,84.0,44.0,4.69,BR,1719006593.0
517,luganville,-15.5333,167.1667,25.34,78.0,54.0,5.97,VU,1719006594.0
518,bengkulu,-3.8004,102.2655,24.42,87.0,100.0,3.62,ID,1719006595.0
519,aykhal,66.0,111.5,11.43,56.0,100.0,3.63,RU,1719006597.0
520,opuwo,-18.0607,13.84,16.65,26.0,0.0,2.7,NA,1719006598.0
521,linqiong,30.4159,103.4609,25.9,57.0,81.0,2.23,CN,1719006599.0
522,kitimat,54.0524,-128.6534,25.21,41.0,99.0,2.12,CA,1719006600.0
523,neyriz,29.1988,54.3278,26.42,18.0,91.0,2.91,IR,1719006601.0
524,fale old settlement,-9.3852,-171.2468,28.54,78.0,99.0,4.9,TK,1719006602.0
525,kakonko,-3.2828,30.9642,19.74,54.0,45.0,0.73,TZ,1719006604.0
526,novyy urgal,51.0736,132.5642,11.63,67.0,10.0,2.14,RU,1719006605.0
527,tamanrasset,22.785,5.5228,32.95,13.0,40.0,2.06,DZ,1719006606.0
528,mont-joli,48.5839,-68.1921,23.72,29.0,20.0,3.6,CA,1719006607.0
529,villanueva,15.3167,-88.0,32.55,55.0,20.0,4.63,HN,1719006608.0
530,mezgor'e,,,,,,,,
531,that phanom,16.9364,104.7104,26.5,87.0,98.0,2.9,TH,1719006611.0
532,prado,-17.3411,-39.2208,22.81,80.0,0.0,3.15,BR,1719006612.0
533,atbasar,51.8,68.3333,17.37,76.0,21.0,2.44,KZ,1719006613.0
534,toyoshina,36.2999,137.9011,17.04,84.0,97.0,1.34,JP,1719006614.0
535,valparaiso,-33.0393,-71.6273,12.13,100.0,100.0,5.14,CL,1719006377.0
536,aripuana,-9.1667,-60.6333,27.73,47.0,7.0,0.22,BR,1719006617.0
537,pibor,,,,,,,,
538,antsiranana,-12.2787,49.2917,22.82,67.0,51.0,6.66,MG,1719006619.0
539,buncrana,55.1333,-7.45,9.74,95.0,57.0,2.76,IE,1719006620.0
540,floro,61.5996,5.0328,15.04,88.0,75.0,2.06,NO,1719006621.0
541,al qitena,14.8648,32.3668,34.54,33.0,12.0,4.25,SD,1719006623.0
542,kushiro,42.975,144.3747,15.53,100.0,100.0,2.06,JP,1719006624.0
543,corner brook,48.9667,-57.9484,20.09,54.0,37.0,3.62,CA,1719006610.0
544,old town,50.087,14.4202,21.93,88.0,0.0,5.14,CZ,1719006626.0
545,basco,20.4487,121.9702,29.84,86.0,6.0,10.24,PH,1719006627.0
546,severobaykal'sk,55.65,109.3167,8.91,89.0,100.0,2.59,RU,1719006628.0
547,es castell,39.8795,4.2854,21.38,88.0,20.0,2.57,ES,1719006629.0
548,maheshwar,22.1833,75.5833,27.43,78.0,98.0,1.69,IN,1719006631.0
549,piti village,13.4626,144.6933,29.06,82.0,20.0,4.12,GU,1719006632.0
550,kuchinarai,16.541,104.05,25.72,89.0,100.0,3.3,TH,1719006633.0
551,egilsstadir,65.2653,-14.3948,4.95,93.0,100.0,6.17,IS,1719006634.0
552,arawa,-6.2132,155.5367,27.2,85.0,100.0,1.49,PG,1719006635.0
553,zelenogorsk,56.1147,94.5861,13.32,58.0,95.0,1.29,RU,1719006637.0
554,puyang chengguanzhen,35.7028,115.0053,22.47,85.0,8.0,0.35,CN,1719006638.0
555,avallon,47.4833,3.9,14.73,96.0,11.0,5.69,FR,1719006639.0
556,hilo,19.7297,-155.09,28.3,75.0,100.0,2.68,US,1719006640.0
557,muli,2.9167,73.5667,28.52,77.0,59.0,5.3,MV,1719006641.0
558,n'zeto,-7.2312,12.8666,21.12,93.0,54.0,2.77,AO,1719006643.0
559,mogocha,53.7333,119.7667,14.08,65.0,0.0,1.64,RU,1719006644.0
560,simpang,-1.2667,104.0833,22.25,100.0,100.0,1.01,ID,1719006645.0
561,palmerston,-12.486,130.9833,20.02,69.0,0.0,4.63,AU,1719006646.0
562,ozernyy,55.5802,32.4127,11.91,91.0,23.0,2.65,RU,1719006647.0
563,outapi,,,,,,,,
564,aiquile,-18.2041,-65.1807,17.89,53.0,22.0,2.3,BO,1719006650.0
565,nakamura,32.9833,132.9333,23.03,88.0,99.0,1.38,JP,1719006651.0
566,taunggyi,20.7833,97.0333,19.26,97.0,99.0,1.46,MM,1719006652.0
567,itoman,26.1247,127.6694,29.21,94.0,75.0,5.14,JP,1719006653.0
568,dodge city,37.7528,-100.0171,31.5,56.0,20.0,10.8,US,1719006654.0
569,deqen,29.9618,90.7188,8.91,89.0,22.0,1.98,CN,1719006655.0
570,igualada,41.581,1.6172,21.42,83.0,21.0,1.34,ES,1719006656.0
571,richards bay,-28.783,32.0377,20.11,78.0,1.0,6.49,ZA,1719006658.0
572,palmer,42.1584,-72.3287,24.52,78.0,100.0,0.45,US,1719006659.0
573,villa gesell,-37.2639,-56.973,15.59,99.0,100.0,3.64,AR,1719006660.0
574,shetpe,44.1667,52.1167,23.33,50.0,63.0,5.27,KZ,1719006661.0
575,corinto,37.9407,22.9573,27.16,55.0,0.0,2.67,GR,1719006662.0
576,saint-francois,46.4154,3.9054,16.47,90.0,0.0,2.57,FR,1719006663.0
577,oroqen zizhiqi,50.5667,123.7167,14.03,64.0,23.0,2.4,CN,1719006665.0
578,nakhon sawan,15.7,100.0833,26.64,83.0,100.0,2.44,TH,1719006666.0
579,lensk,60.7253,114.9278,9.93,97.0,100.0,1.7,RU,1719006667.0
580,pacasmayo,-7.4006,-79.5714,18.79,80.0,93.0,6.83,PE,1719006668.0
581,sarmiento,-45.5882,-69.07,2.43,91.0,100.0,0.16,AR,1719006456.0
582,valentin gomez farias,28.2167,-106.5833,24.51,54.0,100.0,6.8,MX,1719006670.0
583,valley east,,,,,,,,
584,vohipaho,,,,,,,,
585,daru,-9.0763,143.2092,24.74,88.0,100.0,6.97,PG,1719006674.0
586,parry sound,45.3501,-80.033,17.95,88.0,98.0,2.0,CA,1719006599.0
587,hihifo,,,,,,,,
588,vila velha,-20.3297,-40.2925,23.97,78.0,0.0,2.06,BR,1719006678.0
589,sosnovka,56.255,51.2842,13.95,93.0,99.0,2.32,RU,1719006679.0
590,gwasoro,,,,,,,,
591,port saint john's,-31.6229,29.5448,20.44,40.0,4.0,3.33,ZA,1719006681.0
592,bargaal,11.2864,51.0773,28.58,68.0,49.0,9.02,SO,1719006682.0
593,imbituba,-28.24,-48.6703,22.14,94.0,100.0,6.1,BR,1719006684.0
594,xiongzhou,25.1167,114.3,25.01,94.0,78.0,1.75,CN,1719006685.0
595,tshabong,-26.05,22.45,14.67,42.0,0.0,5.19,BW,1719006686.0
596,rawson,-43.3002,-65.1023,7.87,93.0,100.0,3.29,AR,1719006563.0
597,bolderaja,57.0313,24.0557,14.99,93.0,0.0,1.54,LV,1719006688.0
598,ilhabela,-23.7781,-45.3581,20.21,88.0,9.0,2.7,BR,1719006689.0
